SMILES Labelled,ConBase_pKa,pB,qB,Reference
[NH2:10]CCSCCN,9.64,3,2,"Sander, T.; Freyss, J.;  von Korff, M.; Rufener, C. J. Chem. Inf. Model. 2015, 55, 460–473."
[NH2:10]CCSCCCC,8.37,3,1,"Sander, T.; Freyss, J.;  von Korff, M.; Rufener, C. J. Chem. Inf. Model. 2015, 55, 460–473."
[NH2:10]CCSCCC,9.43,3,1,"Sander, T.; Freyss, J.;  von Korff, M.; Rufener, C. J. Chem. Inf. Model. 2015, 55, 460–473."
[NH2:10]CCSCC,9.48,3,1,"Sander, T.; Freyss, J.;  von Korff, M.; Rufener, C. J. Chem. Inf. Model. 2015, 55, 460–473."
[NH2:10]CCSCC[NH3+],8.84,6,1,"Sander, T.; Freyss, J.;  von Korff, M.; Rufener, C. J. Chem. Inf. Model. 2015, 55, 460–473."
[NH2:10]CCSCC(C)C,8.73,3,1,"Sander, T.; Freyss, J.;  von Korff, M.; Rufener, C. J. Chem. Inf. Model. 2015, 55, 460–473."
[NH2:10]CCSC,9.41,3,1,"Sander, T.; Freyss, J.;  von Korff, M.; Rufener, C. J. Chem. Inf. Model. 2015, 55, 460–473."
[NH2:10]CCSC(C)C,9.23,3,1,"Sander, T.; Freyss, J.;  von Korff, M.; Rufener, C. J. Chem. Inf. Model. 2015, 55, 460–473."
[NH2:10]CCOCCO,9.43,3,1,"Sander, T.; Freyss, J.;  von Korff, M.; Rufener, C. J. Chem. Inf. Model. 2015, 55, 460–473."
[NH2:10]CCOC,9.67,3,1,"Sander, T.; Freyss, J.;  von Korff, M.; Rufener, C. J. Chem. Inf. Model. 2015, 55, 460–473."
[NH2:10]CCOC(C(C)=C)=O,8.7,3,1,"Sander, T.; Freyss, J.;  von Korff, M.; Rufener, C. J. Chem. Inf. Model. 2015, 55, 460–473."
[NH2:10]CCO,9.55,3,1,"Sander, T.; Freyss, J.;  von Korff, M.; Rufener, C. J. Chem. Inf. Model. 2015, 55, 460–473."
[NH2:10]CCNCCO,9.67,3,1,"Sander, T.; Freyss, J.;  von Korff, M.; Rufener, C. J. Chem. Inf. Model. 2015, 55, 460–473."
[NH2:10]CCNCCN,9.89,3,2,"Sander, T.; Freyss, J.;  von Korff, M.; Rufener, C. J. Chem. Inf. Model. 2015, 55, 460–473."
[NH2:10]CCNCc1cccc(C(NC(Cc2c[nH]cn2)C(NCCC)=O)=O)n1,9.3,3,1,"Sander, T.; Freyss, J.;  von Korff, M.; Rufener, C. J. Chem. Inf. Model. 2015, 55, 460–473."
[NH2:10]CCNCc1ccc(C)cc1,9.41,3,1,"Sander, T.; Freyss, J.;  von Korff, M.; Rufener, C. J. Chem. Inf. Model. 2015, 55, 460–473."
[NH2:10]CCNCC[NH3+],9.15,6,1,"Sander, T.; Freyss, J.;  von Korff, M.; Rufener, C. J. Chem. Inf. Model. 2015, 55, 460–473."
[NH2:10]CCNCC[NH2+]C,9.57,3,1,"Sander, T.; Freyss, J.;  von Korff, M.; Rufener, C. J. Chem. Inf. Model. 2015, 55, 460–473."
[NH2:10]CCNCC[NH+](C)C,9.12,3,1,"Sander, T.; Freyss, J.;  von Korff, M.; Rufener, C. J. Chem. Inf. Model. 2015, 55, 460–473."
[NH2:10]CCNC(C)=O,9.28,3,1,"Sander, T.; Freyss, J.;  von Korff, M.; Rufener, C. J. Chem. Inf. Model. 2015, 55, 460–473."
[NH2:10]CCN1CCOCC1,9.45,3,1,"Sander, T.; Freyss, J.;  von Korff, M.; Rufener, C. J. Chem. Inf. Model. 2015, 55, 460–473."
[NH2:10]CCN,9.98,3,2,"Sander, T.; Freyss, J.;  von Korff, M.; Rufener, C. J. Chem. Inf. Model. 2015, 55, 460–473."
[NH2:10]CCN(C)CC[NH2+]C,9.68,3,1,"Sander, T.; Freyss, J.;  von Korff, M.; Rufener, C. J. Chem. Inf. Model. 2015, 55, 460–473."
[NH2:10]CCN(C)CC[NH+](C)C,9.23,3,1,"Sander, T.; Freyss, J.;  von Korff, M.; Rufener, C. J. Chem. Inf. Model. 2015, 55, 460–473."
[NH2:10]CCF,8.79,3,1,"Sander, T.; Freyss, J.;  von Korff, M.; Rufener, C. J. Chem. Inf. Model. 2015, 55, 460–473."
[NH2:10]CCCOC,9.92,3,1,"Sander, T.; Freyss, J.;  von Korff, M.; Rufener, C. J. Chem. Inf. Model. 2015, 55, 460–473."
[NH2:10]CCCOC(C(C)=C)=O,9.62,3,1,"Sander, T.; Freyss, J.;  von Korff, M.; Rufener, C. J. Chem. Inf. Model. 2015, 55, 460–473."
[NH2:10]CCCO,10,3,1,"Sander, T.; Freyss, J.;  von Korff, M.; Rufener, C. J. Chem. Inf. Model. 2015, 55, 460–473."
[NH2:10]CCCNCCCN,10.72,3,2,"Sander, T.; Freyss, J.;  von Korff, M.; Rufener, C. J. Chem. Inf. Model. 2015, 55, 460–473."
[NH2:10]CCCNCCC[NH3+],9.72,6,1,"Sander, T.; Freyss, J.;  von Korff, M.; Rufener, C. J. Chem. Inf. Model. 2015, 55, 460–473."
[NH2:10]CCCN,10.55,3,2,"Sander, T.; Freyss, J.;  von Korff, M.; Rufener, C. J. Chem. Inf. Model. 2015, 55, 460–473."
[NH2:10]CCCN(C)CCC[NH3+],9.27,6,1,"Sander, T.; Freyss, J.;  von Korff, M.; Rufener, C. J. Chem. Inf. Model. 2015, 55, 460–473."
[NH2:10]CCCl,8.49,3,1,"Sander, T.; Freyss, J.;  von Korff, M.; Rufener, C. J. Chem. Inf. Model. 2015, 55, 460–473."
[NH2:10]CCCCOc1c(cccc2)c2cc2ccccc12,9.94,3,1,"Sander, T.; Freyss, J.;  von Korff, M.; Rufener, C. J. Chem. Inf. Model. 2015, 55, 460–473."
[NH2:10]CCCCO,10.35,3,1,"Sander, T.; Freyss, J.;  von Korff, M.; Rufener, C. J. Chem. Inf. Model. 2015, 55, 460–473."
[NH2:10]CCCCN,10.63,3,2,"Sander, T.; Freyss, J.;  von Korff, M.; Rufener, C. J. Chem. Inf. Model. 2015, 55, 460–473."
[NH2:10]CCCCl,9.89,3,1,"Sander, T.; Freyss, J.;  von Korff, M.; Rufener, C. J. Chem. Inf. Model. 2015, 55, 460–473."
[NH2:10]CCCCCO,10.52,3,1,"Sander, T.; Freyss, J.;  von Korff, M.; Rufener, C. J. Chem. Inf. Model. 2015, 55, 460–473."
[NH2:10]CCCCCN,10.85,3,2,"Sander, T.; Freyss, J.;  von Korff, M.; Rufener, C. J. Chem. Inf. Model. 2015, 55, 460–473."
[NH2:10]CCCCCCO,10.62,3,1,"Sander, T.; Freyss, J.;  von Korff, M.; Rufener, C. J. Chem. Inf. Model. 2015, 55, 460–473."
[NH2:10]CCCCCCN,10.97,3,2,"Sander, T.; Freyss, J.;  von Korff, M.; Rufener, C. J. Chem. Inf. Model. 2015, 55, 460–473."
[NH2:10]CCCCCCCCCCCCN,10.79,3,2,"Sander, T.; Freyss, J.;  von Korff, M.; Rufener, C. J. Chem. Inf. Model. 2015, 55, 460–473."
[NH2:10]CCCCCCCCCCCCCCCCCCCCCC,10.6,3,1,"Sander, T.; Freyss, J.;  von Korff, M.; Rufener, C. J. Chem. Inf. Model. 2015, 55, 460–473."
[NH2:10]CCCCCCCCCCCCCCCCCC,10.6,3,1,"Sander, T.; Freyss, J.;  von Korff, M.; Rufener, C. J. Chem. Inf. Model. 2015, 55, 460–473."
[NH2:10]CCCCCCCCCCCCCCCCC,10.6,3,1,"Sander, T.; Freyss, J.;  von Korff, M.; Rufener, C. J. Chem. Inf. Model. 2015, 55, 460–473."
[NH2:10]CCCCCCCCCCCCCCCC,10.61,3,1,"Sander, T.; Freyss, J.;  von Korff, M.; Rufener, C. J. Chem. Inf. Model. 2015, 55, 460–473."
[NH2:10]CCCCCCCCCCCCCCC,10.61,3,1,"Sander, T.; Freyss, J.;  von Korff, M.; Rufener, C. J. Chem. Inf. Model. 2015, 55, 460–473."
[NH2:10]CCCCCCCCCCCCCC,10.62,3,1,"Sander, T.; Freyss, J.;  von Korff, M.; Rufener, C. J. Chem. Inf. Model. 2015, 55, 460–473."
[NH2:10]CCCCCCCCCCCCC,10.63,3,1,"Sander, T.; Freyss, J.;  von Korff, M.; Rufener, C. J. Chem. Inf. Model. 2015, 55, 460–473."
[NH2:10]CCCCCCCCCCCC,10.63,3,1,"Sander, T.; Freyss, J.;  von Korff, M.; Rufener, C. J. Chem. Inf. Model. 2015, 55, 460–473."
[NH2:10]CCCCCCCCCCC,10.63,3,1,"Sander, T.; Freyss, J.;  von Korff, M.; Rufener, C. J. Chem. Inf. Model. 2015, 55, 460–473."
[NH2:10]CCCCCCCCCCC([O-])=O,11,3,1,"Sander, T.; Freyss, J.;  von Korff, M.; Rufener, C. J. Chem. Inf. Model. 2015, 55, 460–473."
[NH2:10]CCCCCCCCCC,10.64,3,1,"Sander, T.; Freyss, J.;  von Korff, M.; Rufener, C. J. Chem. Inf. Model. 2015, 55, 460–473."
[NH2:10]CCCCCCCCCC([O-])=O,11.01,3,1,"Sander, T.; Freyss, J.;  von Korff, M.; Rufener, C. J. Chem. Inf. Model. 2015, 55, 460–473."
[NH2:10]CCCCCCCCC([O-])=O,11.02,3,1,"Sander, T.; Freyss, J.;  von Korff, M.; Rufener, C. J. Chem. Inf. Model. 2015, 55, 460–473."
[NH2:10]CCCCCCCC,10.76,3,1,"Sander, T.; Freyss, J.;  von Korff, M.; Rufener, C. J. Chem. Inf. Model. 2015, 55, 460–473."
[NH2:10]CCCCCCCC([O-])=O,10.97,3,1,"Sander, T.; Freyss, J.;  von Korff, M.; Rufener, C. J. Chem. Inf. Model. 2015, 55, 460–473."
[NH2:10]CCCCCCC,10.34,3,1,"Sander, T.; Freyss, J.;  von Korff, M.; Rufener, C. J. Chem. Inf. Model. 2015, 55, 460–473."
[NH2:10]CCCCCCC#CC#CCCC([O-])=O,10.74,3,1,"Sander, T.; Freyss, J.;  von Korff, M.; Rufener, C. J. Chem. Inf. Model. 2015, 55, 460–473."
[NH2:10]CCCCCCC#C,10.74,3,1,"Sander, T.; Freyss, J.;  von Korff, M.; Rufener, C. J. Chem. Inf. Model. 2015, 55, 460–473."
[NH2:10]CCCCCCC([O-])=O,10.95,3,1,"Sander, T.; Freyss, J.;  von Korff, M.; Rufener, C. J. Chem. Inf. Model. 2015, 55, 460–473."
[NH2:10]CCCCCCBr,10.6,3,1,"Sander, T.; Freyss, J.;  von Korff, M.; Rufener, C. J. Chem. Inf. Model. 2015, 55, 460–473."
[NH2:10]CCCCCc1ncccc1,10.38,3,1,"Sander, T.; Freyss, J.;  von Korff, M.; Rufener, C. J. Chem. Inf. Model. 2015, 55, 460–473."
[NH2:10]CCCCCc1ccncc1,10.3,3,1,"Sander, T.; Freyss, J.;  von Korff, M.; Rufener, C. J. Chem. Inf. Model. 2015, 55, 460–473."
[NH2:10]CCCCCc1cccnc1,10.34,3,1,"Sander, T.; Freyss, J.;  von Korff, M.; Rufener, C. J. Chem. Inf. Model. 2015, 55, 460–473."
[NH2:10]CCCCCc1ccccc1,10.51,3,1,"Sander, T.; Freyss, J.;  von Korff, M.; Rufener, C. J. Chem. Inf. Model. 2015, 55, 460–473."
[NH2:10]CCCCCC,10.68,3,1,"Sander, T.; Freyss, J.;  von Korff, M.; Rufener, C. J. Chem. Inf. Model. 2015, 55, 460–473."
[NH2:10]CCCCCC#CC#CCCC([O-])=O,10.7,3,1,"Sander, T.; Freyss, J.;  von Korff, M.; Rufener, C. J. Chem. Inf. Model. 2015, 55, 460–473."
[NH2:10]CCCCCC#C,10.64,3,1,"Sander, T.; Freyss, J.;  von Korff, M.; Rufener, C. J. Chem. Inf. Model. 2015, 55, 460–473."
[NH2:10]CCCCCC[NH3+],10.16,6,1,"Sander, T.; Freyss, J.;  von Korff, M.; Rufener, C. J. Chem. Inf. Model. 2015, 55, 460–473."
[NH2:10]CCCCCC(OCC)=O,10.37,3,1,"Sander, T.; Freyss, J.;  von Korff, M.; Rufener, C. J. Chem. Inf. Model. 2015, 55, 460–473."
[NH2:10]CCCCCC([O-])=O,10.76,3,1,"Sander, T.; Freyss, J.;  von Korff, M.; Rufener, C. J. Chem. Inf. Model. 2015, 55, 460–473."
[NH2:10]CCCCc1ncccc1,10.3,3,1,"Sander, T.; Freyss, J.;  von Korff, M.; Rufener, C. J. Chem. Inf. Model. 2015, 55, 460–473."
[NH2:10]CCCCc1ccncc1,10.18,3,1,"Sander, T.; Freyss, J.;  von Korff, M.; Rufener, C. J. Chem. Inf. Model. 2015, 55, 460–473."
[NH2:10]CCCCc1cccnc1,10.16,3,1,"Sander, T.; Freyss, J.;  von Korff, M.; Rufener, C. J. Chem. Inf. Model. 2015, 55, 460–473."
[NH2:10]CCCCc1ccccc1,10.39,3,1,"Sander, T.; Freyss, J.;  von Korff, M.; Rufener, C. J. Chem. Inf. Model. 2015, 55, 460–473."
[NH2:10]CCCCC,10.65,3,1,"Sander, T.; Freyss, J.;  von Korff, M.; Rufener, C. J. Chem. Inf. Model. 2015, 55, 460–473."
[NH2:10]CCCCC#CC#CCCC([O-])=O,10.53,3,1,"Sander, T.; Freyss, J.;  von Korff, M.; Rufener, C. J. Chem. Inf. Model. 2015, 55, 460–473."
[NH2:10]CCCCC#C,10.5,3,1,"Sander, T.; Freyss, J.;  von Korff, M.; Rufener, C. J. Chem. Inf. Model. 2015, 55, 460–473."
[NH2:10]CCCCC[NH3+],9.73,6,1,"Sander, T.; Freyss, J.;  von Korff, M.; Rufener, C. J. Chem. Inf. Model. 2015, 55, 460–473."
[NH2:10]CCCCC(OCC)=O,10.15,3,1,"Sander, T.; Freyss, J.;  von Korff, M.; Rufener, C. J. Chem. Inf. Model. 2015, 55, 460–473."
[NH2:10]CCCCC([O-])=O,10.78,3,1,"Sander, T.; Freyss, J.;  von Korff, M.; Rufener, C. J. Chem. Inf. Model. 2015, 55, 460–473."
[NH2:10]CCCCBr,10,3,1,"Sander, T.; Freyss, J.;  von Korff, M.; Rufener, C. J. Chem. Inf. Model. 2015, 55, 460–473."
[NH2:10]CCCc1ncccc1,10.1,3,1,"Sander, T.; Freyss, J.;  von Korff, M.; Rufener, C. J. Chem. Inf. Model. 2015, 55, 460–473."
[NH2:10]CCCc1ccncc1,9.98,3,1,"Sander, T.; Freyss, J.;  von Korff, M.; Rufener, C. J. Chem. Inf. Model. 2015, 55, 460–473."
[NH2:10]CCCc1cccnc1,10.05,3,1,"Sander, T.; Freyss, J.;  von Korff, M.; Rufener, C. J. Chem. Inf. Model. 2015, 55, 460–473."
[NH2:10]CCCc1ccccc1,10.27,3,1,"Sander, T.; Freyss, J.;  von Korff, M.; Rufener, C. J. Chem. Inf. Model. 2015, 55, 460–473."
[NH2:10]CCCC,10.7,3,1,"Sander, T.; Freyss, J.;  von Korff, M.; Rufener, C. J. Chem. Inf. Model. 2015, 55, 460–473."
[NH2:10]CCCC#CC#CCCC([O-])=O,9.94,3,1,"Sander, T.; Freyss, J.;  von Korff, M.; Rufener, C. J. Chem. Inf. Model. 2015, 55, 460–473."
[NH2:10]CCCC#C,10.21,3,1,"Sander, T.; Freyss, J.;  von Korff, M.; Rufener, C. J. Chem. Inf. Model. 2015, 55, 460–473."
[NH2:10]CCCC[NH3+],9.36,6,1,"Sander, T.; Freyss, J.;  von Korff, M.; Rufener, C. J. Chem. Inf. Model. 2015, 55, 460–473."
[NH2:10]CCCC[NH2+]CCCN,9.86,3,1,"Sander, T.; Freyss, J.;  von Korff, M.; Rufener, C. J. Chem. Inf. Model. 2015, 55, 460–473."
[NH2:10]CCCC(OCC)=O,9.71,3,1,"Sander, T.; Freyss, J.;  von Korff, M.; Rufener, C. J. Chem. Inf. Model. 2015, 55, 460–473."
[NH2:10]CCCc(cccc1)c1O,9.51,3,1,"Sander, T.; Freyss, J.;  von Korff, M.; Rufener, C. J. Chem. Inf. Model. 2015, 55, 460–473."
[NH2:10]CCCC([O-])=O,10.48,3,1,"Sander, T.; Freyss, J.;  von Korff, M.; Rufener, C. J. Chem. Inf. Model. 2015, 55, 460–473."
[NH2:10]CCCBr,8.93,3,1,"Sander, T.; Freyss, J.;  von Korff, M.; Rufener, C. J. Chem. Inf. Model. 2015, 55, 460–473."
[NH2:10]CCc1ncccc1,9.51,3,1,"Sander, T.; Freyss, J.;  von Korff, M.; Rufener, C. J. Chem. Inf. Model. 2015, 55, 460–473."
[NH2:10]CCc1cnc[nH]1,9.4,3,1,"Sander, T.; Freyss, J.;  von Korff, M.; Rufener, C. J. Chem. Inf. Model. 2015, 55, 460–473."
[NH2:10]CCc1ccncc1,9.37,3,1,"Sander, T.; Freyss, J.;  von Korff, M.; Rufener, C. J. Chem. Inf. Model. 2015, 55, 460–473."
[NH2:10]CCc1cccnc1,9.44,3,1,"Sander, T.; Freyss, J.;  von Korff, M.; Rufener, C. J. Chem. Inf. Model. 2015, 55, 460–473."
[NH2:10]CCc1ccccc1,9.89,3,1,"Sander, T.; Freyss, J.;  von Korff, M.; Rufener, C. J. Chem. Inf. Model. 2015, 55, 460–473."
[NH2:10]CCc1cccc(O)c1O,8.6,3,1,"Sander, T.; Freyss, J.;  von Korff, M.; Rufener, C. J. Chem. Inf. Model. 2015, 55, 460–473."
[NH2:10]CCc1ccc(C)cc1,9.78,3,1,"Sander, T.; Freyss, J.;  von Korff, M.; Rufener, C. J. Chem. Inf. Model. 2015, 55, 460–473."
[NH2:10]CCc1c[nH]cn1,9.87,3,1,"Sander, T.; Freyss, J.;  von Korff, M.; Rufener, C. J. Chem. Inf. Model. 2015, 55, 460–473."
[NH2:10]CCc1c[nH]c2c1cccc2,10.2,3,1,"Sander, T.; Freyss, J.;  von Korff, M.; Rufener, C. J. Chem. Inf. Model. 2015, 55, 460–473."
[NH2:10]CCC,10.65,3,1,"Sander, T.; Freyss, J.;  von Korff, M.; Rufener, C. J. Chem. Inf. Model. 2015, 55, 460–473."
[NH2:10]CCC=C(Cl)Cl,9.85,3,1,"Sander, T.; Freyss, J.;  von Korff, M.; Rufener, C. J. Chem. Inf. Model. 2015, 55, 460–473."
[NH2:10]CCC#N,7.75,3,1,"Sander, T.; Freyss, J.;  von Korff, M.; Rufener, C. J. Chem. Inf. Model. 2015, 55, 460–473."
[NH2:10]CCC#CC#CCCC([O-])=O,9.27,3,1,"Sander, T.; Freyss, J.;  von Korff, M.; Rufener, C. J. Chem. Inf. Model. 2015, 55, 460–473."
[NH2:10]CCC#C,9.23,3,1,"Sander, T.; Freyss, J.;  von Korff, M.; Rufener, C. J. Chem. Inf. Model. 2015, 55, 460–473."
[NH2:10]CCC[Si](C)(C)C,10.75,3,1,"Sander, T.; Freyss, J.;  von Korff, M.; Rufener, C. J. Chem. Inf. Model. 2015, 55, 460–473."
[NH2:10]CCC[Se-],11.3,3,1,"Sander, T.; Freyss, J.;  von Korff, M.; Rufener, C. J. Chem. Inf. Model. 2015, 55, 460–473."
[NH2:10]CCC[NH3+],8.77,6,1,"Sander, T.; Freyss, J.;  von Korff, M.; Rufener, C. J. Chem. Inf. Model. 2015, 55, 460–473."
[NH2:10]CCC[NH2+]CCO,8.19,3,1,"Sander, T.; Freyss, J.;  von Korff, M.; Rufener, C. J. Chem. Inf. Model. 2015, 55, 460–473."
[NH2:10]CCC[NH2+]CCCCCCCCCCCC,8.37,3,1,"Sander, T.; Freyss, J.;  von Korff, M.; Rufener, C. J. Chem. Inf. Model. 2015, 55, 460–473."
[NH2:10]CCC[NH2+]CCCC[NH3+],8.35,3,1,"Sander, T.; Freyss, J.;  von Korff, M.; Rufener, C. J. Chem. Inf. Model. 2015, 55, 460–473."
[NH2:10]CCC[NH2+]C,8.66,3,1,"Sander, T.; Freyss, J.;  von Korff, M.; Rufener, C. J. Chem. Inf. Model. 2015, 55, 460–473."
[NH2:10]CCC[NH+](C)C,6.74,3,1,"Sander, T.; Freyss, J.;  von Korff, M.; Rufener, C. J. Chem. Inf. Model. 2015, 55, 460–473."
[NH2:10]CCC[n+]1ccc2c([N+]([O-])=O)cccc2c1,8.48,3,1,"Sander, T.; Freyss, J.;  von Korff, M.; Rufener, C. J. Chem. Inf. Model. 2015, 55, 460–473."
[NH2:10]CCC[n+]1cc2ccccc2cc1,8.97,3,1,"Sander, T.; Freyss, J.;  von Korff, M.; Rufener, C. J. Chem. Inf. Model. 2015, 55, 460–473."
[NH2:10]CCC[n+]1cc2ccccc2c(Br)c1,9.53,3,1,"Sander, T.; Freyss, J.;  von Korff, M.; Rufener, C. J. Chem. Inf. Model. 2015, 55, 460–473."
[NH2:10]CCC[C@@H](C)[C@@H](CC1)[C@@](C)(CC2)[C@@H]1[C@H](CC1)[C@H]2[C@@](C)(CC2)[C@H]1C[C@@H]2O,9.7,3,1,"Sander, T.; Freyss, J.;  von Korff, M.; Rufener, C. J. Chem. Inf. Model. 2015, 55, 460–473."
[NH2:10]CCC(OCC)=O,9.13,3,1,"Sander, T.; Freyss, J.;  von Korff, M.; Rufener, C. J. Chem. Inf. Model. 2015, 55, 460–473."
[NH2:10]CCC(Oc(cc1)ccc1[N+]([O-])=O)=O,9.17,3,1,"Sander, T.; Freyss, J.;  von Korff, M.; Rufener, C. J. Chem. Inf. Model. 2015, 55, 460–473."
[NH2:10]CCC(NCCc1c[nH]cn1)=O,9.21,3,1,"Sander, T.; Freyss, J.;  von Korff, M.; Rufener, C. J. Chem. Inf. Model. 2015, 55, 460–473."
[NH2:10]CCC(NC(Cc1cnc[nH]1)C([O-])=O)=O,9.35,3,1,"Sander, T.; Freyss, J.;  von Korff, M.; Rufener, C. J. Chem. Inf. Model. 2015, 55, 460–473."
[NH2:10]CCC(NC(Cc1cnc[n]1C)C([O-])=O)=O,9.53,3,1,"Sander, T.; Freyss, J.;  von Korff, M.; Rufener, C. J. Chem. Inf. Model. 2015, 55, 460–473."
[NH2:10]CCC(NC(Cc1c[nH]cn1)C([O-])=O)=O,9.48,3,1,"Sander, T.; Freyss, J.;  von Korff, M.; Rufener, C. J. Chem. Inf. Model. 2015, 55, 460–473."
[NH2:10]CCc(cc1)ccc1OC,9.79,3,1,"Sander, T.; Freyss, J.;  von Korff, M.; Rufener, C. J. Chem. Inf. Model. 2015, 55, 460–473."
[NH2:10]CCc(cc1)ccc1O,9.45,3,1,"Sander, T.; Freyss, J.;  von Korff, M.; Rufener, C. J. Chem. Inf. Model. 2015, 55, 460–473."
[NH2:10]CCc(cc1)ccc1Cl,9.66,3,1,"Sander, T.; Freyss, J.;  von Korff, M.; Rufener, C. J. Chem. Inf. Model. 2015, 55, 460–473."
[NH2:10]CCc(cc1)ccc1C(OCC)=O,9.58,3,1,"Sander, T.; Freyss, J.;  von Korff, M.; Rufener, C. J. Chem. Inf. Model. 2015, 55, 460–473."
[NH2:10]CCc(cc1)ccc1Br,9.65,3,1,"Sander, T.; Freyss, J.;  von Korff, M.; Rufener, C. J. Chem. Inf. Model. 2015, 55, 460–473."
[NH2:10]CCc(cc1)ccc1[O-],10.39,3,1,"Sander, T.; Freyss, J.;  von Korff, M.; Rufener, C. J. Chem. Inf. Model. 2015, 55, 460–473."
[NH2:10]CCc(cc1)ccc1[N+]([O-])=O,9.42,3,1,"Sander, T.; Freyss, J.;  von Korff, M.; Rufener, C. J. Chem. Inf. Model. 2015, 55, 460–473."
[NH2:10]CCc(cc1)cc(OC)c1OC,9.87,3,1,"Sander, T.; Freyss, J.;  von Korff, M.; Rufener, C. J. Chem. Inf. Model. 2015, 55, 460–473."
[NH2:10]CCc(cc1)cc(O)c1O,8.89,3,1,"Sander, T.; Freyss, J.;  von Korff, M.; Rufener, C. J. Chem. Inf. Model. 2015, 55, 460–473."
[NH2:10]CCC(c1ccccc1)=O,8.3,3,1,"Sander, T.; Freyss, J.;  von Korff, M.; Rufener, C. J. Chem. Inf. Model. 2015, 55, 460–473."
[NH2:10]CCC(C)C,10.93,3,1,"Sander, T.; Freyss, J.;  von Korff, M.; Rufener, C. J. Chem. Inf. Model. 2015, 55, 460–473."
[NH2:10]CCC([O-])=O,10.22,3,1,"Sander, T.; Freyss, J.;  von Korff, M.; Rufener, C. J. Chem. Inf. Model. 2015, 55, 460–473."
[NH2:10]CCBr,8.5,3,1,"Sander, T.; Freyss, J.;  von Korff, M.; Rufener, C. J. Chem. Inf. Model. 2015, 55, 460–473."
[NH2:10]Cc1nnn[n-]1,8.54,3,1,"Sander, T.; Freyss, J.;  von Korff, M.; Rufener, C. J. Chem. Inf. Model. 2015, 55, 460–473."
[NH2:10]Cc1ncccc1,8.47,3,1,"Sander, T.; Freyss, J.;  von Korff, M.; Rufener, C. J. Chem. Inf. Model. 2015, 55, 460–473."
[NH2:10]Cc1nc(cccc2)c2[nH]1,8.02,3,1,"Sander, T.; Freyss, J.;  von Korff, M.; Rufener, C. J. Chem. Inf. Model. 2015, 55, 460–473."
[NH2:10]Cc1ccncc1,8.3,3,1,"Sander, T.; Freyss, J.;  von Korff, M.; Rufener, C. J. Chem. Inf. Model. 2015, 55, 460–473."
[NH2:10]Cc1cccnc1,8.33,3,1,"Sander, T.; Freyss, J.;  von Korff, M.; Rufener, C. J. Chem. Inf. Model. 2015, 55, 460–473."
[NH2:10]Cc1ccccc1,9.36,3,1,"Sander, T.; Freyss, J.;  von Korff, M.; Rufener, C. J. Chem. Inf. Model. 2015, 55, 460–473."
[NH2:10]CC1CCCCC1,10.52,3,1,"Sander, T.; Freyss, J.;  von Korff, M.; Rufener, C. J. Chem. Inf. Model. 2015, 55, 460–473."
[NH2:10]Cc1cccc(S(N)(=O)=O)c1,8.55,3,1,"Sander, T.; Freyss, J.;  von Korff, M.; Rufener, C. J. Chem. Inf. Model. 2015, 55, 460–473."
[NH2:10]Cc1cccc(OC)c1OC,9.41,3,1,"Sander, T.; Freyss, J.;  von Korff, M.; Rufener, C. J. Chem. Inf. Model. 2015, 55, 460–473."
[NH2:10]Cc1cccc(OC)c1O,8.7,3,1,"Sander, T.; Freyss, J.;  von Korff, M.; Rufener, C. J. Chem. Inf. Model. 2015, 55, 460–473."
[NH2:10]Cc1cccc(O)c1OC,8.89,3,1,"Sander, T.; Freyss, J.;  von Korff, M.; Rufener, C. J. Chem. Inf. Model. 2015, 55, 460–473."
[NH2:10]Cc1cccc(O)c1O,8.3,3,1,"Sander, T.; Freyss, J.;  von Korff, M.; Rufener, C. J. Chem. Inf. Model. 2015, 55, 460–473."
[NH2:10]Cc1cccc(O)c1,9.06,3,1,"Sander, T.; Freyss, J.;  von Korff, M.; Rufener, C. J. Chem. Inf. Model. 2015, 55, 460–473."
[NH2:10]Cc1ccc(C=O)[o]1,8.1,3,1,"Sander, T.; Freyss, J.;  von Korff, M.; Rufener, C. J. Chem. Inf. Model. 2015, 55, 460–473."
[NH2:10]Cc1ccc(C)cc1,9.51,3,1,"Sander, T.; Freyss, J.;  von Korff, M.; Rufener, C. J. Chem. Inf. Model. 2015, 55, 460–473."
[NH2:10]Cc1cc(N)c(C)cc1C,9.77,3,1,"Sander, T.; Freyss, J.;  von Korff, M.; Rufener, C. J. Chem. Inf. Model. 2015, 55, 460–473."
[NH2:10]Cc1cc(N)c(C)cc1,9.77,3,1,"Sander, T.; Freyss, J.;  von Korff, M.; Rufener, C. J. Chem. Inf. Model. 2015, 55, 460–473."
[NH2:10]Cc1cc(Cl)cc(N)c1,9.54,3,1,"Sander, T.; Freyss, J.;  von Korff, M.; Rufener, C. J. Chem. Inf. Model. 2015, 55, 460–473."
[NH2:10]Cc1cc(C)ccc1,9.37,3,1,"Sander, T.; Freyss, J.;  von Korff, M.; Rufener, C. J. Chem. Inf. Model. 2015, 55, 460–473."
[NH2:10]Cc1c(CO)cnc(C)c1[O-],10.32,3,1,"Sander, T.; Freyss, J.;  von Korff, M.; Rufener, C. J. Chem. Inf. Model. 2015, 55, 460–473."
[NH2:10]Cc1c(C)cccc1,9.23,3,1,"Sander, T.; Freyss, J.;  von Korff, M.; Rufener, C. J. Chem. Inf. Model. 2015, 55, 460–473."
[NH2:10]Cc1c(C)ccc(N)c1,9.33,3,1,"Sander, T.; Freyss, J.;  von Korff, M.; Rufener, C. J. Chem. Inf. Model. 2015, 55, 460–473."
[NH2:10]CC,10.84,3,1,"Sander, T.; Freyss, J.;  von Korff, M.; Rufener, C. J. Chem. Inf. Model. 2015, 55, 460–473."
[NH2:10]CC=C,9.74,3,1,"Sander, T.; Freyss, J.;  von Korff, M.; Rufener, C. J. Chem. Inf. Model. 2015, 55, 460–473."
[NH2:10]CC=C(Cl)Cl,9.3,3,1,"Sander, T.; Freyss, J.;  von Korff, M.; Rufener, C. J. Chem. Inf. Model. 2015, 55, 460–473."
[NH2:10]CC#N,5.37,3,1,"Sander, T.; Freyss, J.;  von Korff, M.; Rufener, C. J. Chem. Inf. Model. 2015, 55, 460–473."
[NH2:10]CC#CC#CCCC([O-])=O,8.26,3,1,"Sander, T.; Freyss, J.;  von Korff, M.; Rufener, C. J. Chem. Inf. Model. 2015, 55, 460–473."
[NH2:10]CC#C,8.19,3,1,"Sander, T.; Freyss, J.;  von Korff, M.; Rufener, C. J. Chem. Inf. Model. 2015, 55, 460–473."
[NH2:10]CC/C=C/C([O-])=O,9.95,3,1,"Sander, T.; Freyss, J.;  von Korff, M.; Rufener, C. J. Chem. Inf. Model. 2015, 55, 460–473."
[NH2:10]CC/C(\N)=N/O,9.15,3,1,"Sander, T.; Freyss, J.;  von Korff, M.; Rufener, C. J. Chem. Inf. Model. 2015, 55, 460–473."
[NH2:10]CC[Si](C)(C)O[Si](C)(C)CCN,10.74,3,1,"Sander, T.; Freyss, J.;  von Korff, M.; Rufener, C. J. Chem. Inf. Model. 2015, 55, 460–473."
[NH2:10]CC[Si](C)(C)C,10.99,3,1,"Sander, T.; Freyss, J.;  von Korff, M.; Rufener, C. J. Chem. Inf. Model. 2015, 55, 460–473."
[NH2:10]CC[Se]C,9.53,3,1,"Sander, T.; Freyss, J.;  von Korff, M.; Rufener, C. J. Chem. Inf. Model. 2015, 55, 460–473."
[NH2:10]CC[Se-],10.89,3,1,"Sander, T.; Freyss, J.;  von Korff, M.; Rufener, C. J. Chem. Inf. Model. 2015, 55, 460–473."
[NH2:10]CC[S-],10.73,3,1,"Sander, T.; Freyss, J.;  von Korff, M.; Rufener, C. J. Chem. Inf. Model. 2015, 55, 460–473."
[NH2:10]CC[NH3+],7.14,6,1,"Sander, T.; Freyss, J.;  von Korff, M.; Rufener, C. J. Chem. Inf. Model. 2015, 55, 460–473."
[NH2:10]CC[NH2+]CCCO,6.78,3,1,"Sander, T.; Freyss, J.;  von Korff, M.; Rufener, C. J. Chem. Inf. Model. 2015, 55, 460–473."
[NH2:10]CC[NH2+]CCCC,7.53,3,1,"Sander, T.; Freyss, J.;  von Korff, M.; Rufener, C. J. Chem. Inf. Model. 2015, 55, 460–473."
[NH2:10]CC[NH2+]CCc1ccccc1,6.59,3,1,"Sander, T.; Freyss, J.;  von Korff, M.; Rufener, C. J. Chem. Inf. Model. 2015, 55, 460–473."
[NH2:10]CC[NH2+]CCC,7.54,3,1,"Sander, T.; Freyss, J.;  von Korff, M.; Rufener, C. J. Chem. Inf. Model. 2015, 55, 460–473."
[NH2:10]CC[NH2+]Cc1ccccc1,6.48,3,1,"Sander, T.; Freyss, J.;  von Korff, M.; Rufener, C. J. Chem. Inf. Model. 2015, 55, 460–473."
[NH2:10]CC[NH2+]CC,7.52,3,1,"Sander, T.; Freyss, J.;  von Korff, M.; Rufener, C. J. Chem. Inf. Model. 2015, 55, 460–473."
[NH2:10]CC[NH2+]C,7.49,3,1,"Sander, T.; Freyss, J.;  von Korff, M.; Rufener, C. J. Chem. Inf. Model. 2015, 55, 460–473."
[NH2:10]CC[NH2+]C(C)C,7.7,3,1,"Sander, T.; Freyss, J.;  von Korff, M.; Rufener, C. J. Chem. Inf. Model. 2015, 55, 460–473."
[NH2:10]CC[NH+](CC)CC,6.76,3,1,"Sander, T.; Freyss, J.;  von Korff, M.; Rufener, C. J. Chem. Inf. Model. 2015, 55, 460–473."
[NH2:10]CC[NH+](C)C,6.63,3,1,"Sander, T.; Freyss, J.;  von Korff, M.; Rufener, C. J. Chem. Inf. Model. 2015, 55, 460–473."
[NH2:10]CC[n+]1ccc2c([N+]([O-])=O)cccc2c1,6.65,3,1,"Sander, T.; Freyss, J.;  von Korff, M.; Rufener, C. J. Chem. Inf. Model. 2015, 55, 460–473."
[NH2:10]CC[n+]1cc2ccccc2cc1,6.85,3,1,"Sander, T.; Freyss, J.;  von Korff, M.; Rufener, C. J. Chem. Inf. Model. 2015, 55, 460–473."
[NH2:10]CC[n+]1cc2ccccc2c(Br)c1,6.71,3,1,"Sander, T.; Freyss, J.;  von Korff, M.; Rufener, C. J. Chem. Inf. Model. 2015, 55, 460–473."
[NH2:10]CC[N+](C)(C)C,7.34,3,1,"Sander, T.; Freyss, J.;  von Korff, M.; Rufener, C. J. Chem. Inf. Model. 2015, 55, 460–473."
[NH2:10]CC(OCC)=O,7.74,3,1,"Sander, T.; Freyss, J.;  von Korff, M.; Rufener, C. J. Chem. Inf. Model. 2015, 55, 460–473."
[NH2:10]CC(OC)=O,7.64,3,1,"Sander, T.; Freyss, J.;  von Korff, M.; Rufener, C. J. Chem. Inf. Model. 2015, 55, 460–473."
[NH2:10]CC(O)=O,9.67,3,1,"Sander, T.; Freyss, J.;  von Korff, M.; Rufener, C. J. Chem. Inf. Model. 2015, 55, 460–473."
[NH2:10]CC(NN)=O,7.69,3,1,"Sander, T.; Freyss, J.;  von Korff, M.; Rufener, C. J. Chem. Inf. Model. 2015, 55, 460–473."
[NH2:10]CC(NCCc1c[nH]cn1)=O,8.04,3,1,"Sander, T.; Freyss, J.;  von Korff, M.; Rufener, C. J. Chem. Inf. Model. 2015, 55, 460–473."
[NH2:10]CC(NCC(NCC(N(CCC1)C1C([O-])=O)=O)=O)=O,8.04,3,1,"Sander, T.; Freyss, J.;  von Korff, M.; Rufener, C. J. Chem. Inf. Model. 2015, 55, 460–473."
[NH2:10]CC(Nc1ccccc1)=O,8.12,3,1,"Sander, T.; Freyss, J.;  von Korff, M.; Rufener, C. J. Chem. Inf. Model. 2015, 55, 460–473."
[NH2:10]CC(Nc1c(C)cccc1)=O,7.81,3,1,"Sander, T.; Freyss, J.;  von Korff, M.; Rufener, C. J. Chem. Inf. Model. 2015, 55, 460–473."
[NH2:10]CC(NC(Cc1c[nH]cn1)C([O-])=O)=O,8.14,3,1,"Sander, T.; Freyss, J.;  von Korff, M.; Rufener, C. J. Chem. Inf. Model. 2015, 55, 460–473."
[NH2:10]CC(Nc(cc1)ccc1[N+]([O-])=O)=O,8.5,3,1,"Sander, T.; Freyss, J.;  von Korff, M.; Rufener, C. J. Chem. Inf. Model. 2015, 55, 460–473."
[NH2:10]CC(N)=S,7.27,3,1,"Sander, T.; Freyss, J.;  von Korff, M.; Rufener, C. J. Chem. Inf. Model. 2015, 55, 460–473."
[NH2:10]CC(N(CCC1)C1C([O-])=O)=O,8.49,3,1,"Sander, T.; Freyss, J.;  von Korff, M.; Rufener, C. J. Chem. Inf. Model. 2015, 55, 460–473."
[NH2:10]CC(N(C)c1c(C(c(cccc2)c2F)=O)c(C)n[n]1C)=O,7.52,3,1,"Sander, T.; Freyss, J.;  von Korff, M.; Rufener, C. J. Chem. Inf. Model. 2015, 55, 460–473."
[NH2:10]CC(F)F,7.09,3,1,"Sander, T.; Freyss, J.;  von Korff, M.; Rufener, C. J. Chem. Inf. Model. 2015, 55, 460–473."
[NH2:10]CC(CO)O,9.3,3,1,"Sander, T.; Freyss, J.;  von Korff, M.; Rufener, C. J. Chem. Inf. Model. 2015, 55, 460–473."
[NH2:10]CC(CN)O,9.64,3,2,"Sander, T.; Freyss, J.;  von Korff, M.; Rufener, C. J. Chem. Inf. Model. 2015, 55, 460–473."
[NH2:10]CC(CN)N,9.59,3,2,"Sander, T.; Freyss, J.;  von Korff, M.; Rufener, C. J. Chem. Inf. Model. 2015, 55, 460–473."
[NH2:10]CC(CN)=O,8.32,3,2,"Sander, T.; Freyss, J.;  von Korff, M.; Rufener, C. J. Chem. Inf. Model. 2015, 55, 460–473."
[NH2:10]Cc(cccc1)c1S(N)(=O)=O,8.53,3,1,"Sander, T.; Freyss, J.;  von Korff, M.; Rufener, C. J. Chem. Inf. Model. 2015, 55, 460–473."
[NH2:10]Cc(cccc1)c1O,8.89,3,1,"Sander, T.; Freyss, J.;  von Korff, M.; Rufener, C. J. Chem. Inf. Model. 2015, 55, 460–473."
[NH2:10]Cc(cccc1)c1[N+]([O-])=O,8.59,3,1,"Sander, T.; Freyss, J.;  von Korff, M.; Rufener, C. J. Chem. Inf. Model. 2015, 55, 460–473."
[NH2:10]Cc(ccc(OC)c1)c1[N+]([O-])=O,8.77,3,1,"Sander, T.; Freyss, J.;  von Korff, M.; Rufener, C. J. Chem. Inf. Model. 2015, 55, 460–473."
[NH2:10]Cc(ccc(Cl)c1)c1[N+]([O-])=O,8.34,3,1,"Sander, T.; Freyss, J.;  von Korff, M.; Rufener, C. J. Chem. Inf. Model. 2015, 55, 460–473."
[NH2:10]Cc(cc1)ccc1S(N)(=O)=O,8.35,3,1,"Sander, T.; Freyss, J.;  von Korff, M.; Rufener, C. J. Chem. Inf. Model. 2015, 55, 460–473."
[NH2:10]Cc(cc1)ccc1OC,9.67,3,1,"Sander, T.; Freyss, J.;  von Korff, M.; Rufener, C. J. Chem. Inf. Model. 2015, 55, 460–473."
[NH2:10]Cc(cc1)ccc1O,9.14,3,1,"Sander, T.; Freyss, J.;  von Korff, M.; Rufener, C. J. Chem. Inf. Model. 2015, 55, 460–473."
[NH2:10]Cc(cc1)ccc1N,10,3,1,"Sander, T.; Freyss, J.;  von Korff, M.; Rufener, C. J. Chem. Inf. Model. 2015, 55, 460–473."
[NH2:10]Cc(cc1)ccc1Cl,9.24,3,1,"Sander, T.; Freyss, J.;  von Korff, M.; Rufener, C. J. Chem. Inf. Model. 2015, 55, 460–473."
[NH2:10]Cc(cc1)ccc1C#N,8.72,3,1,"Sander, T.; Freyss, J.;  von Korff, M.; Rufener, C. J. Chem. Inf. Model. 2015, 55, 460–473."
[NH2:10]Cc(cc1)ccc1C([O-])=O,9.64,3,1,"Sander, T.; Freyss, J.;  von Korff, M.; Rufener, C. J. Chem. Inf. Model. 2015, 55, 460–473."
[NH2:10]Cc(cc1)ccc1[N+]([O-])=O,8.5,3,1,"Sander, T.; Freyss, J.;  von Korff, M.; Rufener, C. J. Chem. Inf. Model. 2015, 55, 460–473."
[NH2:10]Cc(cc1)cc(OC)c1OC,9.39,3,1,"Sander, T.; Freyss, J.;  von Korff, M.; Rufener, C. J. Chem. Inf. Model. 2015, 55, 460–473."
[NH2:10]Cc(cc1)cc(OC)c1O,8.94,3,1,"Sander, T.; Freyss, J.;  von Korff, M.; Rufener, C. J. Chem. Inf. Model. 2015, 55, 460–473."
[NH2:10]Cc(cc1)cc(O)c1O,8.6,3,1,"Sander, T.; Freyss, J.;  von Korff, M.; Rufener, C. J. Chem. Inf. Model. 2015, 55, 460–473."
[NH2:10]Cc(cc1)cc(N)c1OC,9.77,3,1,"Sander, T.; Freyss, J.;  von Korff, M.; Rufener, C. J. Chem. Inf. Model. 2015, 55, 460–473."
[NH2:10]Cc(cc1)cc(N)c1Cl,9.33,3,1,"Sander, T.; Freyss, J.;  von Korff, M.; Rufener, C. J. Chem. Inf. Model. 2015, 55, 460–473."
[NH2:10]Cc(cc1)cc([O-])c1F,10.04,3,1,"Sander, T.; Freyss, J.;  von Korff, M.; Rufener, C. J. Chem. Inf. Model. 2015, 55, 460–473."
[NH2:10]Cc(cc1)c(C)cc1N,9.77,3,1,"Sander, T.; Freyss, J.;  von Korff, M.; Rufener, C. J. Chem. Inf. Model. 2015, 55, 460–473."
[NH2:10]Cc(cc(cc1)OC)c1[N+]([O-])=O,8.72,3,1,"Sander, T.; Freyss, J.;  von Korff, M.; Rufener, C. J. Chem. Inf. Model. 2015, 55, 460–473."
[NH2:10]Cc(cc(cc1)N)c1OC,9.77,3,1,"Sander, T.; Freyss, J.;  von Korff, M.; Rufener, C. J. Chem. Inf. Model. 2015, 55, 460–473."
[NH2:10]Cc(cc(cc1)Cl)c1[N+]([O-])=O,8.19,3,1,"Sander, T.; Freyss, J.;  von Korff, M.; Rufener, C. J. Chem. Inf. Model. 2015, 55, 460–473."
[NH2:10]Cc(cc(cc1)C(c(c(Cl)c2Cl)ccc2OCC(OCC)=O)=O)c1[O-],10.6,3,1,"Sander, T.; Freyss, J.;  von Korff, M.; Rufener, C. J. Chem. Inf. Model. 2015, 55, 460–473."
[NH2:10]Cc(cc(C)cc1CN)c1OC,8.85,3,2,"Sander, T.; Freyss, J.;  von Korff, M.; Rufener, C. J. Chem. Inf. Model. 2015, 55, 460–473."
[NH2:10]Cc(cc(C)cc1CN)c1O,9.7,3,2,"Sander, T.; Freyss, J.;  von Korff, M.; Rufener, C. J. Chem. Inf. Model. 2015, 55, 460–473."
[NH2:10]CC(c1ccccc1)O,8.94,3,1,"Sander, T.; Freyss, J.;  von Korff, M.; Rufener, C. J. Chem. Inf. Model. 2015, 55, 460–473."
[NH2:10]CC(c1ccc(C)cc1)O,9.06,3,1,"Sander, T.; Freyss, J.;  von Korff, M.; Rufener, C. J. Chem. Inf. Model. 2015, 55, 460–473."
[NH2:10]CC(C[NH3+])O,8.19,6,1,"Sander, T.; Freyss, J.;  von Korff, M.; Rufener, C. J. Chem. Inf. Model. 2015, 55, 460–473."
[NH2:10]CC(C[NH3+])N,7.95,6,1,"Sander, T.; Freyss, J.;  von Korff, M.; Rufener, C. J. Chem. Inf. Model. 2015, 55, 460–473."
[NH2:10]CC(C[NH3+])=O,6.89,6,1,"Sander, T.; Freyss, J.;  von Korff, M.; Rufener, C. J. Chem. Inf. Model. 2015, 55, 460–473."
[NH2:10]CC(C)Cl,8.54,3,1,"Sander, T.; Freyss, J.;  von Korff, M.; Rufener, C. J. Chem. Inf. Model. 2015, 55, 460–473."
[NH2:10]CC(C)c1ccccc1,9.94,3,1,"Sander, T.; Freyss, J.;  von Korff, M.; Rufener, C. J. Chem. Inf. Model. 2015, 55, 460–473."
[NH2:10]CC(C)C,10.36,3,1,"Sander, T.; Freyss, J.;  von Korff, M.; Rufener, C. J. Chem. Inf. Model. 2015, 55, 460–473."
[NH2:10]CC(C)C#N,7.75,3,1,"Sander, T.; Freyss, J.;  von Korff, M.; Rufener, C. J. Chem. Inf. Model. 2015, 55, 460–473."
[NH2:10]CC(C)C([O-])=O,9.91,3,1,"Sander, T.; Freyss, J.;  von Korff, M.; Rufener, C. J. Chem. Inf. Model. 2015, 55, 460–473."
[NH2:10]CC(C)/C(\N)=N/O,9.15,3,1,"Sander, T.; Freyss, J.;  von Korff, M.; Rufener, C. J. Chem. Inf. Model. 2015, 55, 460–473."
[NH2:10]CC(C)[Se-],10.85,3,1,"Sander, T.; Freyss, J.;  von Korff, M.; Rufener, C. J. Chem. Inf. Model. 2015, 55, 460–473."
[NH2:10]CC(C)[NH3+],7.14,3,1,"Sander, T.; Freyss, J.;  von Korff, M.; Rufener, C. J. Chem. Inf. Model. 2015, 55, 460–473."
[NH2:10]CC(C)(C)S,8.48,3,1,"Sander, T.; Freyss, J.;  von Korff, M.; Rufener, C. J. Chem. Inf. Model. 2015, 55, 460–473."
[NH2:10]CC(C)(C)CN,10.19,3,2,"Sander, T.; Freyss, J.;  von Korff, M.; Rufener, C. J. Chem. Inf. Model. 2015, 55, 460–473."
[NH2:10]CC(C)(C)C,10.17,3,1,"Sander, T.; Freyss, J.;  von Korff, M.; Rufener, C. J. Chem. Inf. Model. 2015, 55, 460–473."
[NH2:10]CC(C)(C)C[NH3+],7.99,6,1,"Sander, T.; Freyss, J.;  von Korff, M.; Rufener, C. J. Chem. Inf. Model. 2015, 55, 460–473."
[NH2:10]CC(C)(C)C[NH+](C)C,7.4,3,1,"Sander, T.; Freyss, J.;  von Korff, M.; Rufener, C. J. Chem. Inf. Model. 2015, 55, 460–473."
[NH2:10]CC(C)(C)[Se-],10.95,3,1,"Sander, T.; Freyss, J.;  von Korff, M.; Rufener, C. J. Chem. Inf. Model. 2015, 55, 460–473."
[NH2:10]CC(C)(C)[NH3+],6.79,3,1,"Sander, T.; Freyss, J.;  von Korff, M.; Rufener, C. J. Chem. Inf. Model. 2015, 55, 460–473."
[NH2:10]CC(C)([N+]([O-])=O)Br,6.15,3,1,"Sander, T.; Freyss, J.;  von Korff, M.; Rufener, C. J. Chem. Inf. Model. 2015, 55, 460–473."
[NH2:10]CC(c(cc1)ccc1OC)O,9.02,3,1,"Sander, T.; Freyss, J.;  von Korff, M.; Rufener, C. J. Chem. Inf. Model. 2015, 55, 460–473."
[NH2:10]CC(c(cc1)ccc1O)=O,8.05,3,1,"Sander, T.; Freyss, J.;  von Korff, M.; Rufener, C. J. Chem. Inf. Model. 2015, 55, 460–473."
[NH2:10]CC(c(cc1)ccc1Cl)O,9.04,3,1,"Sander, T.; Freyss, J.;  von Korff, M.; Rufener, C. J. Chem. Inf. Model. 2015, 55, 460–473."
[NH2:10]Cc(c(C)c1)cc(OC)c1N,9.54,3,1,"Sander, T.; Freyss, J.;  von Korff, M.; Rufener, C. J. Chem. Inf. Model. 2015, 55, 460–473."
[NH2:10]CC(C([O-])=O)O,9.27,3,1,"Sander, T.; Freyss, J.;  von Korff, M.; Rufener, C. J. Chem. Inf. Model. 2015, 55, 460–473."
[NH2:10]CC([O-])=O,9.65,3,1,"Sander, T.; Freyss, J.;  von Korff, M.; Rufener, C. J. Chem. Inf. Model. 2015, 55, 460–473."
[NH2:10]C1CCNCC1,8.1,3,1,"Sander, T.; Freyss, J.;  von Korff, M.; Rufener, C. J. Chem. Inf. Model. 2015, 55, 460–473."
[NH2:10]C1CCN(Cc2ccccc2)CC1,9.79,3,1,"Sander, T.; Freyss, J.;  von Korff, M.; Rufener, C. J. Chem. Inf. Model. 2015, 55, 460–473."
[NH2:10]C1CCCCC1,10.67,3,1,"Sander, T.; Freyss, J.;  von Korff, M.; Rufener, C. J. Chem. Inf. Model. 2015, 55, 460–473."
[NH2:10]C1(CCCCC1)C(N)=S,7.23,3,1,"Sander, T.; Freyss, J.;  von Korff, M.; Rufener, C. J. Chem. Inf. Model. 2015, 55, 460–473."
[NH2:10]C1(CCCCC1)C([O-])=O,10.02,3,1,"Sander, T.; Freyss, J.;  von Korff, M.; Rufener, C. J. Chem. Inf. Model. 2015, 55, 460–473."
[NH2:10]C,10.76,3,1,"Sander, T.; Freyss, J.;  von Korff, M.; Rufener, C. J. Chem. Inf. Model. 2015, 55, 460–473."
[NH2:10]C/C=C\C([O-])=O,9.84,3,1,"Sander, T.; Freyss, J.;  von Korff, M.; Rufener, C. J. Chem. Inf. Model. 2015, 55, 460–473."
[NH2:10]C/C=C/C([O-])=O,9.46,3,1,"Sander, T.; Freyss, J.;  von Korff, M.; Rufener, C. J. Chem. Inf. Model. 2015, 55, 460–473."
[NH2:10]C[Si](C)(OCC)OCC,9.19,3,1,"Sander, T.; Freyss, J.;  von Korff, M.; Rufener, C. J. Chem. Inf. Model. 2015, 55, 460–473."
[NH2:10]C[Si](C)(C)O[Si](C)(C)CN,10.3,3,2,"Sander, T.; Freyss, J.;  von Korff, M.; Rufener, C. J. Chem. Inf. Model. 2015, 55, 460–473."
[NH2:10]C[Si](C)(C)CC,10.73,3,1,"Sander, T.; Freyss, J.;  von Korff, M.; Rufener, C. J. Chem. Inf. Model. 2015, 55, 460–473."
[NH2:10]C[Si](C)(C)c1ccccc1,10.45,3,1,"Sander, T.; Freyss, J.;  von Korff, M.; Rufener, C. J. Chem. Inf. Model. 2015, 55, 460–473."
[NH2:10]C[Si](C)(C)C,10.94,3,1,"Sander, T.; Freyss, J.;  von Korff, M.; Rufener, C. J. Chem. Inf. Model. 2015, 55, 460–473."
[NH2:10]C[C@H]([C@H]1NC(N)=[NH+][C@@H]1C([O-])=O)O,9.3,3,1,"Sander, T.; Freyss, J.;  von Korff, M.; Rufener, C. J. Chem. Inf. Model. 2015, 55, 460–473."
[NH2:10]C[C@@H](CCCC1)[C@H]1O,10.18,3,1,"Sander, T.; Freyss, J.;  von Korff, M.; Rufener, C. J. Chem. Inf. Model. 2015, 55, 460–473."
[NH2:10]C(CON1)C1=O,7.53,3,1,"Sander, T.; Freyss, J.;  von Korff, M.; Rufener, C. J. Chem. Inf. Model. 2015, 55, 460–473."
[NH2:10]C(CO)CO,8.63,3,1,"Sander, T.; Freyss, J.;  von Korff, M.; Rufener, C. J. Chem. Inf. Model. 2015, 55, 460–473."
[NH2:10]C(CCONC(N)=O)C(OC)=O,6.95,3,1,"Sander, T.; Freyss, J.;  von Korff, M.; Rufener, C. J. Chem. Inf. Model. 2015, 55, 460–473."
[NH2:10]C(CCONC(N)=O)C([O-])=O,8.9,3,1,"Sander, T.; Freyss, J.;  von Korff, M.; Rufener, C. J. Chem. Inf. Model. 2015, 55, 460–473."
[NH2:10]C(CCCN1C(N)=[NH+]C(CC([O-])=O)C1=O)C([O-])=O,8.1,3,1,"Sander, T.; Freyss, J.;  von Korff, M.; Rufener, C. J. Chem. Inf. Model. 2015, 55, 460–473."
[NH2:10]C(CCCC)C([O-])=O,9.76,3,1,"Sander, T.; Freyss, J.;  von Korff, M.; Rufener, C. J. Chem. Inf. Model. 2015, 55, 460–473."
[NH2:10]C(CCC1)c2c1cccc2,9.66,3,1,"Sander, T.; Freyss, J.;  von Korff, M.; Rufener, C. J. Chem. Inf. Model. 2015, 55, 460–473."
[NH2:10]C(CCC)C([O-])=O,9.86,3,1,"Sander, T.; Freyss, J.;  von Korff, M.; Rufener, C. J. Chem. Inf. Model. 2015, 55, 460–473."
[NH2:10]C(CCc(cc1)ccc1[N+]([O-])=O)C([O-])=O,9.1,3,1,"Sander, T.; Freyss, J.;  von Korff, M.; Rufener, C. J. Chem. Inf. Model. 2015, 55, 460–473."
[NH2:10]C(CCC([O-])=O)C([O-])=O,9.33,3,1,"Sander, T.; Freyss, J.;  von Korff, M.; Rufener, C. J. Chem. Inf. Model. 2015, 55, 460–473."
[NH2:10]C(Cc1n[nH]c2c1cccc2)C([O-])=O,8.95,3,1,"Sander, T.; Freyss, J.;  von Korff, M.; Rufener, C. J. Chem. Inf. Model. 2015, 55, 460–473."
[NH2:10]C(Cc1n[n-]cn1)C([O-])=O,10.7,3,1,"Sander, T.; Freyss, J.;  von Korff, M.; Rufener, C. J. Chem. Inf. Model. 2015, 55, 460–473."
[NH2:10]C(Cc1cnccc1)C([O-])=O,9.26,3,1,"Sander, T.; Freyss, J.;  von Korff, M.; Rufener, C. J. Chem. Inf. Model. 2015, 55, 460–473."
[NH2:10]C(Cc1cnc[nH]1)C([O-])=O,9.11,3,1,"Sander, T.; Freyss, J.;  von Korff, M.; Rufener, C. J. Chem. Inf. Model. 2015, 55, 460–473."
[NH2:10]C(Cc1cnc[n]1C)C([O-])=O,8.72,3,1,"Sander, T.; Freyss, J.;  von Korff, M.; Rufener, C. J. Chem. Inf. Model. 2015, 55, 460–473."
[NH2:10]C(Cc1ccncc1)C([O-])=O,9.22,3,1,"Sander, T.; Freyss, J.;  von Korff, M.; Rufener, C. J. Chem. Inf. Model. 2015, 55, 460–473."
[NH2:10]C(Cc1ccccc1)c1nnn[n-]1,8.18,3,1,"Sander, T.; Freyss, J.;  von Korff, M.; Rufener, C. J. Chem. Inf. Model. 2015, 55, 460–473."
[NH2:10]C(Cc1ccccc1)C(OC)=O,7,3,1,"Sander, T.; Freyss, J.;  von Korff, M.; Rufener, C. J. Chem. Inf. Model. 2015, 55, 460–473."
[NH2:10]C(Cc1ccccc1)C(NN)=O,7.06,3,1,"Sander, T.; Freyss, J.;  von Korff, M.; Rufener, C. J. Chem. Inf. Model. 2015, 55, 460–473."
[NH2:10]C(Cc1ccccc1)C(N)=S,7.15,3,1,"Sander, T.; Freyss, J.;  von Korff, M.; Rufener, C. J. Chem. Inf. Model. 2015, 55, 460–473."
[NH2:10]C(Cc1ccccc1)C([O-])=O,9.14,3,1,"Sander, T.; Freyss, J.;  von Korff, M.; Rufener, C. J. Chem. Inf. Model. 2015, 55, 460–473."
[NH2:10]C(Cc1ccccc1)/C(\N)=N/O,7.06,3,1,"Sander, T.; Freyss, J.;  von Korff, M.; Rufener, C. J. Chem. Inf. Model. 2015, 55, 460–473."
[NH2:10]C(Cc1c[nH]cn1)C(OC)=O,7.33,3,1,"Sander, T.; Freyss, J.;  von Korff, M.; Rufener, C. J. Chem. Inf. Model. 2015, 55, 460–473."
[NH2:10]C(Cc1c[nH]cn1)C(NCC([O-])=O)=O,7.82,3,1,"Sander, T.; Freyss, J.;  von Korff, M.; Rufener, C. J. Chem. Inf. Model. 2015, 55, 460–473."
[NH2:10]C(Cc1c[nH]cn1)C(N)=O,7.64,3,1,"Sander, T.; Freyss, J.;  von Korff, M.; Rufener, C. J. Chem. Inf. Model. 2015, 55, 460–473."
[NH2:10]C(Cc1c[nH]cn1)C([O-])=O,9.17,3,1,"Sander, T.; Freyss, J.;  von Korff, M.; Rufener, C. J. Chem. Inf. Model. 2015, 55, 460–473."
[NH2:10]C(Cc1c[nH]c2c1cccc2)C(N)=O,7.55,3,1,"Sander, T.; Freyss, J.;  von Korff, M.; Rufener, C. J. Chem. Inf. Model. 2015, 55, 460–473."
[NH2:10]C(Cc1c[nH]c2c1cccc2)C([O-])=O,9.31,3,1,"Sander, T.; Freyss, J.;  von Korff, M.; Rufener, C. J. Chem. Inf. Model. 2015, 55, 460–473."
[NH2:10]C(CC1)Cc2c1cccc2,9.97,3,1,"Sander, T.; Freyss, J.;  von Korff, M.; Rufener, C. J. Chem. Inf. Model. 2015, 55, 460–473."
[NH2:10]C(CC#N)c1ccccc1,6.7,3,1,"Sander, T.; Freyss, J.;  von Korff, M.; Rufener, C. J. Chem. Inf. Model. 2015, 55, 460–473."
[NH2:10]C(CC)CO,9.53,3,1,"Sander, T.; Freyss, J.;  von Korff, M.; Rufener, C. J. Chem. Inf. Model. 2015, 55, 460–473."
[NH2:10]C(CC)CCCl,8.53,3,1,"Sander, T.; Freyss, J.;  von Korff, M.; Rufener, C. J. Chem. Inf. Model. 2015, 55, 460–473."
[NH2:10]C(CC)C(OCC)=O,7.71,3,1,"Sander, T.; Freyss, J.;  von Korff, M.; Rufener, C. J. Chem. Inf. Model. 2015, 55, 460–473."
[NH2:10]C(CC)C([O-])=O,9.67,3,1,"Sander, T.; Freyss, J.;  von Korff, M.; Rufener, C. J. Chem. Inf. Model. 2015, 55, 460–473."
[NH2:10]C(CC)(CO)CO,8.8,3,1,"Sander, T.; Freyss, J.;  von Korff, M.; Rufener, C. J. Chem. Inf. Model. 2015, 55, 460–473."
[NH2:10]C(CC)(CC)CC,10.87,3,1,"Sander, T.; Freyss, J.;  von Korff, M.; Rufener, C. J. Chem. Inf. Model. 2015, 55, 460–473."
[NH2:10]C(CC(OCC)=O)c1ccccc1,8.32,3,1,"Sander, T.; Freyss, J.;  von Korff, M.; Rufener, C. J. Chem. Inf. Model. 2015, 55, 460–473."
[NH2:10]C(Cc(nc[nH]1)c1I)C([O-])=O,8.62,3,1,"Sander, T.; Freyss, J.;  von Korff, M.; Rufener, C. J. Chem. Inf. Model. 2015, 55, 460–473."
[NH2:10]C(Cc(nc([n-]1)I)c1I)C([O-])=O,9.76,3,1,"Sander, T.; Freyss, J.;  von Korff, M.; Rufener, C. J. Chem. Inf. Model. 2015, 55, 460–473."
[NH2:10]C(CC(N1)=O)C1=O,9,3,1,"Sander, T.; Freyss, J.;  von Korff, M.; Rufener, C. J. Chem. Inf. Model. 2015, 55, 460–473."
[NH2:10]C(CC(N1)=CNC1=S)C([O-])=O,8.47,3,1,"Sander, T.; Freyss, J.;  von Korff, M.; Rufener, C. J. Chem. Inf. Model. 2015, 55, 460–473."
[NH2:10]C(CC(C1)C1=C)C([O-])=O,9.37,3,1,"Sander, T.; Freyss, J.;  von Korff, M.; Rufener, C. J. Chem. Inf. Model. 2015, 55, 460–473."
[NH2:10]C(CC(C)C)C(OCC)=O,7.63,3,1,"Sander, T.; Freyss, J.;  von Korff, M.; Rufener, C. J. Chem. Inf. Model. 2015, 55, 460–473."
[NH2:10]C(CC(C)C)C([O-])=O,9.62,3,1,"Sander, T.; Freyss, J.;  von Korff, M.; Rufener, C. J. Chem. Inf. Model. 2015, 55, 460–473."
[NH2:10]C(CC([O-])=O)c1ncccc1,9.22,3,1,"Sander, T.; Freyss, J.;  von Korff, M.; Rufener, C. J. Chem. Inf. Model. 2015, 55, 460–473."
[NH2:10]C(CC([O-])=O)C(NC(CC([O-])=O)C([O-])=O)=O,8.26,3,1,"Sander, T.; Freyss, J.;  von Korff, M.; Rufener, C. J. Chem. Inf. Model. 2015, 55, 460–473."
[NH2:10]C(CC([O-])=O)C([O-])=O,9.54,3,1,"Sander, T.; Freyss, J.;  von Korff, M.; Rufener, C. J. Chem. Inf. Model. 2015, 55, 460–473."
[NH2:10]C(c1ncc[nH]1)c1ncc[nH]1,6.49,3,1,"Sander, T.; Freyss, J.;  von Korff, M.; Rufener, C. J. Chem. Inf. Model. 2015, 55, 460–473."
[NH2:10]C(c1ccccc1)C#N,4.4,3,1,"Sander, T.; Freyss, J.;  von Korff, M.; Rufener, C. J. Chem. Inf. Model. 2015, 55, 460–473."
[NH2:10]C(C/C(\N)=N/O)c1ccccc1,8,3,1,"Sander, T.; Freyss, J.;  von Korff, M.; Rufener, C. J. Chem. Inf. Model. 2015, 55, 460–473."
[NH2:10]C(C[NH3+])C[NH3+],3.72,3,1,"Sander, T.; Freyss, J.;  von Korff, M.; Rufener, C. J. Chem. Inf. Model. 2015, 55, 460–473."
[NH2:10]C(C)CO,9.43,3,1,"Sander, T.; Freyss, J.;  von Korff, M.; Rufener, C. J. Chem. Inf. Model. 2015, 55, 460–473."
[NH2:10]C(C)CN,9.83,3,1,"Sander, T.; Freyss, J.;  von Korff, M.; Rufener, C. J. Chem. Inf. Model. 2015, 55, 460–473."
[NH2:10]C(C)CCCCC,10.8,3,1,"Sander, T.; Freyss, J.;  von Korff, M.; Rufener, C. J. Chem. Inf. Model. 2015, 55, 460–473."
[NH2:10]C(C)CCCc1ccccc1,9.99,3,1,"Sander, T.; Freyss, J.;  von Korff, M.; Rufener, C. J. Chem. Inf. Model. 2015, 55, 460–473."
[NH2:10]C(C)CCCc(cc1)ccc1O,9.4,3,1,"Sander, T.; Freyss, J.;  von Korff, M.; Rufener, C. J. Chem. Inf. Model. 2015, 55, 460–473."
[NH2:10]C(C)CCCC(C)C,10.28,3,1,"Sander, T.; Freyss, J.;  von Korff, M.; Rufener, C. J. Chem. Inf. Model. 2015, 55, 460–473."
[NH2:10]C(C)CCc1ccccc1,9.78,3,1,"Sander, T.; Freyss, J.;  von Korff, M.; Rufener, C. J. Chem. Inf. Model. 2015, 55, 460–473."
[NH2:10]C(C)CCc(cc1)ccc1O,9.14,3,1,"Sander, T.; Freyss, J.;  von Korff, M.; Rufener, C. J. Chem. Inf. Model. 2015, 55, 460–473."
[NH2:10]C(C)CCC([O-])=O,10.43,3,1,"Sander, T.; Freyss, J.;  von Korff, M.; Rufener, C. J. Chem. Inf. Model. 2015, 55, 460–473."
[NH2:10]C(C)Cc1ccccc1,9.9,3,1,"Sander, T.; Freyss, J.;  von Korff, M.; Rufener, C. J. Chem. Inf. Model. 2015, 55, 460–473."
[NH2:10]C(C)CC1CCCCC1,10.14,3,1,"Sander, T.; Freyss, J.;  von Korff, M.; Rufener, C. J. Chem. Inf. Model. 2015, 55, 460–473."
[NH2:10]C(C)Cc1c[nH]c(cc2)c1cc2OC,10.3,3,1,"Sander, T.; Freyss, J.;  von Korff, M.; Rufener, C. J. Chem. Inf. Model. 2015, 55, 460–473."
[NH2:10]C(C)CC,10.56,3,1,"Sander, T.; Freyss, J.;  von Korff, M.; Rufener, C. J. Chem. Inf. Model. 2015, 55, 460–473."
[NH2:10]C(C)CC#N,7.85,3,1,"Sander, T.; Freyss, J.;  von Korff, M.; Rufener, C. J. Chem. Inf. Model. 2015, 55, 460–473."
[NH2:10]C(C)Cc(cc1)ccc1OC,9.53,3,1,"Sander, T.; Freyss, J.;  von Korff, M.; Rufener, C. J. Chem. Inf. Model. 2015, 55, 460–473."
[NH2:10]C(C)Cc(cc1)ccc1O,9.3,3,1,"Sander, T.; Freyss, J.;  von Korff, M.; Rufener, C. J. Chem. Inf. Model. 2015, 55, 460–473."
[NH2:10]C(C)Cc(cc1)cc2c1OCO2,9.67,3,1,"Sander, T.; Freyss, J.;  von Korff, M.; Rufener, C. J. Chem. Inf. Model. 2015, 55, 460–473."
[NH2:10]C(C)Cc(cc1)cc(OC)c1OC,9.6,3,1,"Sander, T.; Freyss, J.;  von Korff, M.; Rufener, C. J. Chem. Inf. Model. 2015, 55, 460–473."
[NH2:10]C(C)c1ccccc1,9.36,3,1,"Sander, T.; Freyss, J.;  von Korff, M.; Rufener, C. J. Chem. Inf. Model. 2015, 55, 460–473."
[NH2:10]C(C)C,10.64,3,1,"Sander, T.; Freyss, J.;  von Korff, M.; Rufener, C. J. Chem. Inf. Model. 2015, 55, 460–473."
[NH2:10]C(C)C/C(\N)=N/O,9.15,3,1,"Sander, T.; Freyss, J.;  von Korff, M.; Rufener, C. J. Chem. Inf. Model. 2015, 55, 460–473."
[NH2:10]C(C)C(OCC)=O,7.8,3,1,"Sander, T.; Freyss, J.;  von Korff, M.; Rufener, C. J. Chem. Inf. Model. 2015, 55, 460–473."
[NH2:10]C(C)C([O-])=O,9.72,3,1,"Sander, T.; Freyss, J.;  von Korff, M.; Rufener, C. J. Chem. Inf. Model. 2015, 55, 460–473."
[NH2:10]C(C)(CO)CO,8.8,3,1,"Sander, T.; Freyss, J.;  von Korff, M.; Rufener, C. J. Chem. Inf. Model. 2015, 55, 460–473."
[NH2:10]C(C)(CC)CC,10.91,3,1,"Sander, T.; Freyss, J.;  von Korff, M.; Rufener, C. J. Chem. Inf. Model. 2015, 55, 460–473."
[NH2:10]C(C)(CC)C([O-])=O,9.98,3,1,"Sander, T.; Freyss, J.;  von Korff, M.; Rufener, C. J. Chem. Inf. Model. 2015, 55, 460–473."
[NH2:10]C(C)(C)CO,9.74,3,1,"Sander, T.; Freyss, J.;  von Korff, M.; Rufener, C. J. Chem. Inf. Model. 2015, 55, 460–473."
[NH2:10]C(C)(C)CN,10,3,1,"Sander, T.; Freyss, J.;  von Korff, M.; Rufener, C. J. Chem. Inf. Model. 2015, 55, 460–473."
[NH2:10]C(C)(C)CCCCC,10.83,3,1,"Sander, T.; Freyss, J.;  von Korff, M.; Rufener, C. J. Chem. Inf. Model. 2015, 55, 460–473."
[NH2:10]C(C)(C)Cc1ccccc1,10.13,3,1,"Sander, T.; Freyss, J.;  von Korff, M.; Rufener, C. J. Chem. Inf. Model. 2015, 55, 460–473."
[NH2:10]C(C)(C)CC,10.89,3,1,"Sander, T.; Freyss, J.;  von Korff, M.; Rufener, C. J. Chem. Inf. Model. 2015, 55, 460–473."
[NH2:10]C(C)(C)CC(C)(C)C,10.84,3,1,"Sander, T.; Freyss, J.;  von Korff, M.; Rufener, C. J. Chem. Inf. Model. 2015, 55, 460–473."
[NH2:10]C(C)(C)c1ccccc1,10.38,3,1,"Sander, T.; Freyss, J.;  von Korff, M.; Rufener, C. J. Chem. Inf. Model. 2015, 55, 460–473."
[NH2:10]C(C)(C)C,10.73,3,1,"Sander, T.; Freyss, J.;  von Korff, M.; Rufener, C. J. Chem. Inf. Model. 2015, 55, 460–473."
[NH2:10]C(C)(C)C#N,5.3,3,1,"Sander, T.; Freyss, J.;  von Korff, M.; Rufener, C. J. Chem. Inf. Model. 2015, 55, 460–473."
[NH2:10]C(C)(C)C(O)=O,10.15,3,1,"Sander, T.; Freyss, J.;  von Korff, M.; Rufener, C. J. Chem. Inf. Model. 2015, 55, 460–473."
[NH2:10]C(C)(C)C(N)=S,7.61,3,1,"Sander, T.; Freyss, J.;  von Korff, M.; Rufener, C. J. Chem. Inf. Model. 2015, 55, 460–473."
[NH2:10]C(C)(C)C(C)(C)N,10.13,3,2,"Sander, T.; Freyss, J.;  von Korff, M.; Rufener, C. J. Chem. Inf. Model. 2015, 55, 460–473."
[NH2:10]C(C)(C)C(C)(C)[NH3+],6.56,6,1,"Sander, T.; Freyss, J.;  von Korff, M.; Rufener, C. J. Chem. Inf. Model. 2015, 55, 460–473."
[NH2:10]C(C)(C([O-])=O)c1ccccc1,9,3,1,"Sander, T.; Freyss, J.;  von Korff, M.; Rufener, C. J. Chem. Inf. Model. 2015, 55, 460–473."
[NH2:10]C(C(C)CC)C([O-])=O,9.62,3,1,"Sander, T.; Freyss, J.;  von Korff, M.; Rufener, C. J. Chem. Inf. Model. 2015, 55, 460–473."
[NH2:10]C(C(C)C)C(O)=O,9.58,3,1,"Sander, T.; Freyss, J.;  von Korff, M.; Rufener, C. J. Chem. Inf. Model. 2015, 55, 460–473."
[NH2:10]C(C(C)C)C(C)C,10.4,3,1,"Sander, T.; Freyss, J.;  von Korff, M.; Rufener, C. J. Chem. Inf. Model. 2015, 55, 460–473."
[NH2:10]C(C(C)C)C([O-])=O,9.66,3,1,"Sander, T.; Freyss, J.;  von Korff, M.; Rufener, C. J. Chem. Inf. Model. 2015, 55, 460–473."
[NH2:10]C(C(C)=C)O,8,3,1,"Sander, T.; Freyss, J.;  von Korff, M.; Rufener, C. J. Chem. Inf. Model. 2015, 55, 460–473."
[NH2:10]C(/C(\N)=N/O)c1ccccc1,7.15,3,1,"Sander, T.; Freyss, J.;  von Korff, M.; Rufener, C. J. Chem. Inf. Model. 2015, 55, 460–473."
[NH2:10][C@H]1[C@](C)(CC2)C(C)(C)[C@@H]2[C@@H]1C[NH+](C)C,7.5,3,1,"Sander, T.; Freyss, J.;  von Korff, M.; Rufener, C. J. Chem. Inf. Model. 2015, 55, 460–473."
[NH2:10][C@H](CCCC1)[C@H]1O,9.72,3,1,"Sander, T.; Freyss, J.;  von Korff, M.; Rufener, C. J. Chem. Inf. Model. 2015, 55, 460–473."
[NH2:10][C@H](CCCC1)[C@H]1[NH3+],6.35,3,1,"Sander, T.; Freyss, J.;  von Korff, M.; Rufener, C. J. Chem. Inf. Model. 2015, 55, 460–473."
[NH2:10][C@H](CCC1)C[C@H]1O,10.05,3,1,"Sander, T.; Freyss, J.;  von Korff, M.; Rufener, C. J. Chem. Inf. Model. 2015, 55, 460–473."
[NH2:10][C@H](CCC1)[C@H]1O,9.7,3,1,"Sander, T.; Freyss, J.;  von Korff, M.; Rufener, C. J. Chem. Inf. Model. 2015, 55, 460–473."
[NH2:10][C@H](CC1)C[C@H](CC2)[C@@]1(C)[C@@H](CC1)[C@@H]2[C@H](CC2)[C@@]1(C)[C@H]2[C@H](C)O,9.28,3,1,"Sander, T.; Freyss, J.;  von Korff, M.; Rufener, C. J. Chem. Inf. Model. 2015, 55, 460–473."
[NH2:10][C@H](C1)[C@H]1[NH3+],4.2,6,1,"Sander, T.; Freyss, J.;  von Korff, M.; Rufener, C. J. Chem. Inf. Model. 2015, 55, 460–473."
[NH2:10][C@H](C[C@H](CCCC1)[C@@H]1C1)[C@H]1N,9.93,3,2,"Sander, T.; Freyss, J.;  von Korff, M.; Rufener, C. J. Chem. Inf. Model. 2015, 55, 460–473."
[NH2:10][C@H](C[C@@H](CCCC1)[C@H]1C1)[C@H]1[NH3+],6.36,6,1,"Sander, T.; Freyss, J.;  von Korff, M.; Rufener, C. J. Chem. Inf. Model. 2015, 55, 460–473."
[NH2:10][C@H](C)C(N(CCC1)[C@@H]1C([O-])=O)=O,8.38,3,1,"Sander, T.; Freyss, J.;  von Korff, M.; Rufener, C. J. Chem. Inf. Model. 2015, 55, 460–473."
[NH2:10][C@H](C)[C@H](C)[NH3+],6.84,6,1,"Sander, T.; Freyss, J.;  von Korff, M.; Rufener, C. J. Chem. Inf. Model. 2015, 55, 460–473."
[NH2:10][C@H]([C@H]1C)[C@H]1[NH3+],4.35,6,1,"Sander, T.; Freyss, J.;  von Korff, M.; Rufener, C. J. Chem. Inf. Model. 2015, 55, 460–473."
[NH2:10][C@H]([C@H](C)[C@@H]([C@@H]1C)N)[C@@H](C)[C@H]1N,7.83,3,3,"Sander, T.; Freyss, J.;  von Korff, M.; Rufener, C. J. Chem. Inf. Model. 2015, 55, 460–473."
[NH2:10][C@H]([C@H](C)[C@@H]([C@@H]1C)N)[C@@H](C)[C@H]1[NH3+],6.73,6,2,"Sander, T.; Freyss, J.;  von Korff, M.; Rufener, C. J. Chem. Inf. Model. 2015, 55, 460–473."
[NH2:10][C@H]([C@H](C)[C@@H]([C@@H]1C)[NH3+])[C@@H](C)[C@H]1[NH3+],5.15,9,1,"Sander, T.; Freyss, J.;  von Korff, M.; Rufener, C. J. Chem. Inf. Model. 2015, 55, 460–473."
[NH2:10][C@H]([C@@H](C(O)=O)O)C(N)=O,7.17,3,1,"Sander, T.; Freyss, J.;  von Korff, M.; Rufener, C. J. Chem. Inf. Model. 2015, 55, 460–473."
[NH2:10][C@H]([C@@H](C([O-])=O)O)C([O-])=O,9,3,1,"Sander, T.; Freyss, J.;  von Korff, M.; Rufener, C. J. Chem. Inf. Model. 2015, 55, 460–473."
[NH2:10][C@@H]1C(C)(C)[C@H]1N,8.96,3,2,"Sander, T.; Freyss, J.;  von Korff, M.; Rufener, C. J. Chem. Inf. Model. 2015, 55, 460–473."
[NH2:10][C@@H]1C(C)(C)[C@H]1[NH3+],5.97,6,1,"Sander, T.; Freyss, J.;  von Korff, M.; Rufener, C. J. Chem. Inf. Model. 2015, 55, 460–473."
[NH2:10][C@@H]1[C@H](C)CCCC1,10.6,3,1,"Sander, T.; Freyss, J.;  von Korff, M.; Rufener, C. J. Chem. Inf. Model. 2015, 55, 460–473."
[NH2:10][C@@H]1[C@@H](C)CCCC1,10.62,3,1,"Sander, T.; Freyss, J.;  von Korff, M.; Rufener, C. J. Chem. Inf. Model. 2015, 55, 460–473."
[NH2:10][C@@H]1[C@](C)(CC2)C(C)(C)[C@@H]2[C@@H]1C[NH+](C)C,6.59,3,1,"Sander, T.; Freyss, J.;  von Korff, M.; Rufener, C. J. Chem. Inf. Model. 2015, 55, 460–473."
[NH2:10][C@@H](CS)C(N[C@@H](CC(N)=O)C(O)=O)=O,7.05,3,1,"Sander, T.; Freyss, J.;  von Korff, M.; Rufener, C. J. Chem. Inf. Model. 2015, 55, 460–473."
[NH2:10][C@@H](CO)c(cc(C)cc1[C@H](CO)N)c1O,9,3,2,"Sander, T.; Freyss, J.;  von Korff, M.; Rufener, C. J. Chem. Inf. Model. 2015, 55, 460–473."
[NH2:10][C@@H](CCCCN(C(C[C@@H]1N)=O)C1=O)C([O-])=O,9.5,3,1,"Sander, T.; Freyss, J.;  von Korff, M.; Rufener, C. J. Chem. Inf. Model. 2015, 55, 460–473."
[NH2:10][C@@H](CCCCC1)[C@H]1O,9.35,3,1,"Sander, T.; Freyss, J.;  von Korff, M.; Rufener, C. J. Chem. Inf. Model. 2015, 55, 460–473."
[NH2:10][C@@H](CCCC1)[C@H]1O,9.35,3,1,"Sander, T.; Freyss, J.;  von Korff, M.; Rufener, C. J. Chem. Inf. Model. 2015, 55, 460–473."
[NH2:10][C@@H](CCCC1)[C@H]1N,9.75,3,2,"Sander, T.; Freyss, J.;  von Korff, M.; Rufener, C. J. Chem. Inf. Model. 2015, 55, 460–473."
[NH2:10][C@@H](CCCC1)[C@H]1C(Oc(cc1)ccc1[N+]([O-])=O)=O,8.57,3,1,"Sander, T.; Freyss, J.;  von Korff, M.; Rufener, C. J. Chem. Inf. Model. 2015, 55, 460–473."
[NH2:10][C@@H](CCCC1)[C@H]1C([O-])=O,10.1,3,1,"Sander, T.; Freyss, J.;  von Korff, M.; Rufener, C. J. Chem. Inf. Model. 2015, 55, 460–473."
[NH2:10][C@@H](CCCC1)[C@H]1[NH3+],6.71,6,1,"Sander, T.; Freyss, J.;  von Korff, M.; Rufener, C. J. Chem. Inf. Model. 2015, 55, 460–473."
[NH2:10][C@@H](CCCC1)[C@@H]1N,9.84,3,2,"Sander, T.; Freyss, J.;  von Korff, M.; Rufener, C. J. Chem. Inf. Model. 2015, 55, 460–473."
[NH2:10][C@@H](CCCC1)[C@@H]1C(Oc(cc1)ccc1[N+]([O-])=O)=O,8.42,3,1,"Sander, T.; Freyss, J.;  von Korff, M.; Rufener, C. J. Chem. Inf. Model. 2015, 55, 460–473."
[NH2:10][C@@H](CCCC1)[C@@]1(C)O,9.49,3,1,"Sander, T.; Freyss, J.;  von Korff, M.; Rufener, C. J. Chem. Inf. Model. 2015, 55, 460–473."
[NH2:10][C@@H](CCCC(N(C1SC2(C)C)[C@@H]2C([O-])=O)=[NH+]C1C([O-])=O)C([O-])=O,7.6,3,1,"Sander, T.; Freyss, J.;  von Korff, M.; Rufener, C. J. Chem. Inf. Model. 2015, 55, 460–473."
[NH2:10][C@@H](CCC1)C[C@H]1O,10.1,3,1,"Sander, T.; Freyss, J.;  von Korff, M.; Rufener, C. J. Chem. Inf. Model. 2015, 55, 460–473."
[NH2:10][C@@H](CCC1)[C@H]1O,9.28,3,1,"Sander, T.; Freyss, J.;  von Korff, M.; Rufener, C. J. Chem. Inf. Model. 2015, 55, 460–473."
[NH2:10][C@@H](CCC1)[C@@H]1C(Oc(cc1)ccc1[N+]([O-])=O)=O,8.36,3,1,"Sander, T.; Freyss, J.;  von Korff, M.; Rufener, C. J. Chem. Inf. Model. 2015, 55, 460–473."
[NH2:10][C@@H](Cc1c[nH]cn1)C(N[C@@H](Cc1c[nH]cn1)C([O-])=O)=O,7.8,3,1,"Sander, T.; Freyss, J.;  von Korff, M.; Rufener, C. J. Chem. Inf. Model. 2015, 55, 460–473."
[NH2:10][C@@H](CC(N1CCCC[C@@H](C([O-])=O)[NH3+])=O)C1=O,6,3,1,"Sander, T.; Freyss, J.;  von Korff, M.; Rufener, C. J. Chem. Inf. Model. 2015, 55, 460–473."
[NH2:10][C@@H](CC(C)CC1)[C@H]1O,9.5,3,1,"Sander, T.; Freyss, J.;  von Korff, M.; Rufener, C. J. Chem. Inf. Model. 2015, 55, 460–473."
[NH2:10][C@@H](CC(C)C)C(N[C@@H](Cc1c[nH]cn1)C([O-])=O)=O,7.78,3,1,"Sander, T.; Freyss, J.;  von Korff, M.; Rufener, C. J. Chem. Inf. Model. 2015, 55, 460–473."
[NH2:10][C@@H](C1C)[C@H]1N,8.98,3,2,"Sander, T.; Freyss, J.;  von Korff, M.; Rufener, C. J. Chem. Inf. Model. 2015, 55, 460–473."
[NH2:10][C@@H](C1C)[C@H]1[NH3+],5.9,6,1,"Sander, T.; Freyss, J.;  von Korff, M.; Rufener, C. J. Chem. Inf. Model. 2015, 55, 460–473."
[NH2:10][C@@H](C1)[C@H]1N,8.82,3,2,"Sander, T.; Freyss, J.;  von Korff, M.; Rufener, C. J. Chem. Inf. Model. 2015, 55, 460–473."
[NH2:10][C@@H](C1)[C@H]1[NH3+],5.9,6,1,"Sander, T.; Freyss, J.;  von Korff, M.; Rufener, C. J. Chem. Inf. Model. 2015, 55, 460–473."
[NH2:10][C@@H](C1)[C@@H]1N,9.04,3,2,"Sander, T.; Freyss, J.;  von Korff, M.; Rufener, C. J. Chem. Inf. Model. 2015, 55, 460–473."
[NH2:10][C@@H](C1)[C@@]1(C)[NH3+],5.83,3,1,"Sander, T.; Freyss, J.;  von Korff, M.; Rufener, C. J. Chem. Inf. Model. 2015, 55, 460–473."
[NH2:10][C@@H](C[C@H](CCCC1)[C@@H]1C1)[C@H]1N,9.97,3,2,"Sander, T.; Freyss, J.;  von Korff, M.; Rufener, C. J. Chem. Inf. Model. 2015, 55, 460–473."
[NH2:10][C@@H](C[C@H](CCCC1)[C@@H]1C1)[C@H]1[NH3+],6.97,6,1,"Sander, T.; Freyss, J.;  von Korff, M.; Rufener, C. J. Chem. Inf. Model. 2015, 55, 460–473."
[NH2:10][C@@H](C[C@H](C)CC1)[C@@H]1C(C)C,10.52,3,1,"Sander, T.; Freyss, J.;  von Korff, M.; Rufener, C. J. Chem. Inf. Model. 2015, 55, 460–473."
[NH2:10][C@@H](C[C@@H](CCCC1)[C@H]1C1)[C@H]1N,10.08,3,2,"Sander, T.; Freyss, J.;  von Korff, M.; Rufener, C. J. Chem. Inf. Model. 2015, 55, 460–473."
[NH2:10][C@@H](C[C@@H](CCCC1)[C@H]1C1)[C@H]1[NH3+],6.68,6,1,"Sander, T.; Freyss, J.;  von Korff, M.; Rufener, C. J. Chem. Inf. Model. 2015, 55, 460–473."
[NH2:10][C@@H](C[C@@H](C)CC1)[C@H]1C(C)C,10.63,3,1,"Sander, T.; Freyss, J.;  von Korff, M.; Rufener, C. J. Chem. Inf. Model. 2015, 55, 460–473."
[NH2:10][C@@H](C)C(N[C@@H](Cc1c[nH]cn1)C([O-])=O)=O,8.08,3,1,"Sander, T.; Freyss, J.;  von Korff, M.; Rufener, C. J. Chem. Inf. Model. 2015, 55, 460–473."
[NH2:10][C@@H](C)[C@H](C)N,9.84,3,2,"Sander, T.; Freyss, J.;  von Korff, M.; Rufener, C. J. Chem. Inf. Model. 2015, 55, 460–473."
[NH2:10][C@@H](C)[C@H](C)[NH3+],6.79,6,1,"Sander, T.; Freyss, J.;  von Korff, M.; Rufener, C. J. Chem. Inf. Model. 2015, 55, 460–473."
[NH2:10][C@@H](C)[C@@H](c1ccccc1)O,8.81,3,1,"Sander, T.; Freyss, J.;  von Korff, M.; Rufener, C. J. Chem. Inf. Model. 2015, 55, 460–473."
[NH2:10][C@@H](C)[C@@H](C)N,9.88,3,2,"Sander, T.; Freyss, J.;  von Korff, M.; Rufener, C. J. Chem. Inf. Model. 2015, 55, 460–473."
[NH2:10][C@@H](C)[C@@H](c(cc1)ccc1O)O,8.69,3,1,"Sander, T.; Freyss, J.;  von Korff, M.; Rufener, C. J. Chem. Inf. Model. 2015, 55, 460–473."
[NH2:10][C@@H]([C@@H]1C)[C@@H]1N,8.98,3,2,"Sander, T.; Freyss, J.;  von Korff, M.; Rufener, C. J. Chem. Inf. Model. 2015, 55, 460–473."
[NH2:10][C@@H]([C@@H](c1ccccc1)O)c1ccccc1,10.46,3,1,"Sander, T.; Freyss, J.;  von Korff, M.; Rufener, C. J. Chem. Inf. Model. 2015, 55, 460–473."
[NH2:10][C@@H]([C@@H](C)CC)C([O-])=O,9.77,3,1,"Sander, T.; Freyss, J.;  von Korff, M.; Rufener, C. J. Chem. Inf. Model. 2015, 55, 460–473."
[NH2:10][C@@H]([C@@H](C([O-])=O)O)C([O-])=O,8.75,3,1,"Sander, T.; Freyss, J.;  von Korff, M.; Rufener, C. J. Chem. Inf. Model. 2015, 55, 460–473."
[NH2:10][C@@](C)(C1)[C@H]1N,9.06,3,1,"Sander, T.; Freyss, J.;  von Korff, M.; Rufener, C. J. Chem. Inf. Model. 2015, 55, 460–473."